,model_path,_runtime,cs_hard_set_acc,cs_test_set_acc,last_checkpoint_path,checkpoint_path,_step,timestamp,bs_median,bs_std,steps,ds1,ds1_training,ds2,ds2_training,sampling_method,prev_run_id,seq_train
0,bert-large-cased,10006.022001743317,0.6184999942779541,0.8542667627334595,artifacts/bert-large-cased_fmri_and_ethics_hm_23-12-12_1720.ckpt,,335,2023-12-12 20:07:40 GMT,0.269989537864194,0.11008870278166563,335,commonsense,True,LFB,True,LAST,,-
1,bert-large-cased,5858.236626148224,0.5,,artifacts/bert-large-cased_no_F_T_23-12-12_1523.ckpt,,2,2023-12-12 17:01:22 GMT,0.2351865853075281,0.09507601419017099,2,commonsense,True,LFB,False,LAST,,-
2,roberta-large,4489.985455274582,0.6956475973129272,0.898933470249176,artifacts/roberta-large_fmri-hm_then_ethics-hm_23-12-01_1610.ckpt,artifacts/roberta-large_fmri-hm_then_ethics-hm_23-12-01_1542.ckpt,170,2023-12-01 17:25:16 GMT,0.147456277539744,0.12005367552807333,170,commonsense,True,LFB,False,SENTENCES,3.0,LFB then commonsense
3,roberta-large,1636.7356843948364,0.5011667013168335,0.510200023651123,artifacts/roberta-large_fmri-hm_then_ethics-hm_23-12-01_1542.ckpt,,86,2023-12-01 16:10:07 GMT,0.1382358837988911,0.10190964521275374,86,commonsense,False,LFB,True,SENTENCES,,-
4,roberta-large,1508.1090154647827,0.5,0.5,artifacts/roberta-large_fmri-hm_then_ethics-hm_23-12-01_1336.ckpt,,42,2023-12-01 14:02:11 GMT,0.10408417590285976,0.10811655760909085,42,commonsense,False,LFB,True,SENTENCES,,-
5,roberta-large,4050.0633239746094,0.5,0.5,artifacts/roberta-large_Ethics-HM_then_fmri-HM_23-12-01_1229.ckpt,artifacts/roberta-large_Ethics-HM_then_fmri-HM_23-12-01_1228.ckpt,149,2023-12-01 13:36:40 GMT,0.12480889781089656,0.10288032820733531,149,commonsense,False,LFB,True,SENTENCES,,-
6,roberta-large,305.50096011161804,0.5,,artifacts/roberta-large_no_F_T_23-12-01_1221.ckpt,,2,2023-12-01 12:27:24 GMT,0.19991137058671055,0.12966613010641057,2,commonsense,True,LFB,False,SENTENCES,,-
7,roberta-large,9445.414831638336,0.7096120119094849,0.8971213698387146,artifacts/roberta-large_fmri-hm_then_ethics-hm_23-11-30_0958.ckpt,roberta-large_fmri-hm_then_ethics-hm_23-11-30_0803.ckpt,128,2023-11-30 12:35:46 GMT,0.1508494586052872,0.11546065614793358,128,commonsense,True,LFB,False,AVG,,-
8,roberta-large,4172.8150017261505,0.5039839744567871,0.5053257942199707,artifacts/roberta-large_fmri-hm_then_ethics-hm_23-11-30_0803.ckpt,,31,2023-11-30 09:13:50 GMT,0.1070385499194652,0.10123922871800081,31,commonsense,False,LFB,True,AVG,,-
9,roberta-large,2362.0007631778717,0.49799999594688416,0.5,artifacts/roberta-large_Ethics-HM_then_fmri-HM_23-11-29_1854.ckpt,artifacts/roberta-large_Ethics-HM_then_fmri-HM_23-11-29_1732.ckpt,75,2023-11-29 19:33:47 GMT,0.2060871872195903,0.13019877130423307,75,commonsense,False,LFB,True,AVG,10.0,commonsense then LFB
10,roberta-large,4875.8650941848755,0.7160476446151733,0.9016667604446412,artifacts/roberta-large_Ethics-HM_then_fmri-HM_23-11-29_1732.ckpt,,249,2023-11-29 18:53:47 GMT,0.15198321342615745,0.09946290546670505,249,commonsense,True,LFB,False,AVG,,-
11,roberta-large,6967.401952505112,0.7246666550636292,0.9092668294906616,artifacts/roberta-large_fmri_and_ethics_hm_23-11-29_1535.ckpt,,732,2023-11-29 17:31:52 GMT,0.05574203886397855,0.09195510060505498,732,commonsense,True,LFB,True,AVG,,-
12,roberta-large,5951.545321464539,0.7325142025947571,0.9054000377655028,artifacts/roberta-large_fmri-hm_then_ethics-hm_23-11-29_1230.ckpt,artifacts/roberta-large_fmri-hm_then_ethics-hm_23-11-29_1153.ckpt,372,2023-11-29 14:09:37 GMT,0.16394080215214551,0.1238084110742363,372,commonsense,True,LFB,False,LAST,13.0,LFB then commonsense
13,roberta-large,2082.5503146648407,0.4943332970142365,0.4980667233467102,artifacts/roberta-large_fmri-hm_then_ethics-hm_23-11-29_1153.ckpt,,98,2023-11-29 12:29:50 GMT,0.15865198081778548,0.11244911772943096,98,commonsense,False,LFB,True,LAST,,-
14,roberta-large,1753.4649102687836,0.7219999432563782,0.851933479309082,artifacts/roberta-large_Ethics-HM_then_fmri-HM_23-11-28_1723.ckpt,artifacts/roberta-large_Ethics-HM_then_fmri-HM_23-11-28_1428.ckpt,62,2023-11-28 17:52:54 GMT,0.06596001395229271,0.1121583629018925,62,commonsense,False,LFB,True,LAST,15.0,commonsense then LFB
15,roberta-large,8600.898707151413,0.7298855781555176,0.895466685295105,artifacts/roberta-large_Ethics-HM_then_fmri-HM_23-11-28_1428.ckpt,,282,2023-11-28 16:51:53 GMT,0.12612736779746192,0.10592292838159587,282,commonsense,True,LFB,False,LAST,,-
16,roberta-large,6375.3203864097595,0.6988332867622375,0.9144001603126526,artifacts/roberta-large_fmri_and_ethics_hm_23-11-28_1241.ckpt,,334,2023-11-28 14:28:00 GMT,0.08792420210584188,0.08769527599938048,334,commonsense,True,LFB,True,LAST,,-
17,roberta-large,604.2761371135712,0.5,,artifacts/roberta-large_no_F_T_23-11-28_1231.ckpt,,2,2023-11-28 12:41:22 GMT,0.19991135817718497,0.12966612205736805,2,commonsense,True,LFB,False,LAST,,-
18,roberta-large,8135.478876590729,0.6837714314460754,0.8958001732826233,,artifacts/RoBERTa-transfer.ckpt,282,2023-11-25 17:38:44 GMT,0.04687387221627356,0.10019502264833183,282,commonsense,True,LFB,False,AVG,19.0,LFB then commonsense
19,roberta-large,5389.620526790619,0.5019999742507935,0.5,artifacts/RoBERTa-transfer.ckpt,,326,2023-11-25 15:22:46 GMT,0.02058864620885983,0.1365997032870545,326,commonsense,False,LFB,True,AVG,,-
20,roberta-large,4958.03945016861,0.7050762176513672,0.9055335521697998,,,170,2023-11-25 13:52:35 GMT,0.08661897091608292,0.09254383466860445,170,commonsense,True,LFB,False,,,-
21,roberta-large,205.4416182041168,0.5,,,,2,2023-11-25 12:29:39 GMT,0.19991135817718553,0.1296661220573672,2,commonsense,True,LFB,False,,,-
22,bert-base-cased,88.39630174636841,0.48477381467819214,,,,2,2023-11-25 12:00:54 GMT,0.27220693974207855,0.08021840664775615,2,commonsense,True,LFB,True,LAST,,-
23,bert-base-cased,88.80608224868774,0.5,,,,1,2023-11-25 11:57:37 GMT,0.27220693974207855,0.08021840664775615,1,commonsense,True,LFB,True,LAST,,-
24,bert-base-cased,38.907726526260376,0.4893214404582978,,,,0,2023-11-25 11:55:19 GMT,,,0,commonsense,True,LFB,True,LAST,,-
25,bert-base-cased,148.2829713821411,0.5228332877159119,0.6032092571258545,,,10,2023-11-25 11:32:42 GMT,,,10,commonsense,True,LFB,True,LAST,,-
26,bert-base-cased,78.75860667228699,0.4895428717136383,0.4166666865348816,,,31,2023-11-25 11:29:19 GMT,,,31,commonsense,True,LFB,True,LAST,,-
27,bert-base-cased,304.15432596206665,0.5,0.5,,,50,2023-11-25 11:21:44 GMT,,,50,commonsense,True,LFB,True,LAST,,-
28,bert-base-cased,2839.4242367744446,0.5,0.5,,,5,2023-10-23 19:07:39 GMT,,,5,commonsense,True,LFB,True,LAST,,-
29,bert-base-cased,350.0743124485016,0.5348985195159912,0.6993557810783386,,,34,2023-10-14 13:35:35 GMT,,,34,commonsense,True,LFB,True,LAST,,-
30,bert-base-cased,498.7980980873108,0.5289405584335327,0.6998220682144165,,,50,2023-10-13 13:20:55 GMT,,,50,commonsense,True,LFB,True,LAST,,-
31,bert-base-cased,106.80224704742432,0.5356476902961731,0.5595238208770752,,,32,2023-10-13 13:10:29 GMT,,,32,commonsense,True,LFB,True,LAST,,-
32,bert-base-cased,269.8547613620758,0.5,0.5,,,50,2023-10-13 12:51:33 GMT,,,50,commonsense,True,LFB,True,LAST,,-
33,roberta-large,5404.60195016861,0.7154094576835632,0.9126667976379396,,,168,2023-10-11 19:04:25 GMT,,,168,commonsense,True,RAW,False,,,-
34,roberta-large,679.0230314731598,0.5,,,,1,2023-10-06 17:18:09 GMT,0.29060266446683813,0.08752349394982945,1,commonsense,,LFB,,,,-
35,bert-large-cased,924.8469824790956,0.5034667253494263,,,,1,2023-10-06 17:06:16 GMT,0.1893464590388119,0.14847156948274903,1,commonsense,,LFB,,,,-
36,bert-base-cased,271.4138514995575,0.5,,,,1,2023-10-06 16:50:16 GMT,0.20764058521932716,0.08001903446602235,1,commonsense,,LFB,,,,-
37,roberta-large,2085.7484085559845,0.7414857149124146,0.9003307819366455,,,59,2023-10-06 16:26:53 GMT,0.17535085664712824,0.08711528774374631,59,commonsense,True,LFB,False,,,-
38,roberta-large,6096.261821269989,,0.9149471521377563,,,221,2023-10-06 15:46:52 GMT,,,221,commonsense,True,LFB,False,,,-
39,roberta-large,5468.635464429855,0.7071143388748169,0.9177249670028688,,artifacts/RoBERTa-Ethics-fmri.ckpt,165,2023-10-06 14:04:42 GMT,0.28026525244812994,0.08684711465882791,165,commonsense,True,LFB,False,,40.0,LFB then commonsense
40,roberta-large,2212.9589269161224,0.5,0.5,artifacts/RoBERTa-Ethics-fmri.ckpt,,43,2023-10-06 12:22:37 GMT,0.3081149064738369,0.09038201373380296,43,commonsense,False,LFB,True,AVG,,-
41,roberta-large,300.02967834472656,,0.5,artifacts/RoBERTa-Ethics-fmri.ckpt,,3,2023-10-06 11:43:21 GMT,,,3,commonsense,False,LFB,True,AVG,,-
42,roberta-large,1965.5090670585632,0.5043714046478271,0.4913079440593719,,artifacts/RoBERTa-Ethics-fmri.ckpt,42,2023-10-06 11:12:50 GMT,,,42,commonsense,False,LFB,True,AVG,44.0,commonsense then LFB
43,roberta-large,1892.7275557518003,0.4970000088214874,0.49555936455726624,,artifacts/RoBERTa-Ethics-fmri.ckpt,42,2023-10-06 10:38:15 GMT,,,42,commonsense,False,LFB,True,LAST,44.0,commonsense then LFB
44,roberta-large,2360.1767814159393,0.5,0.5,artifacts/RoBERTa-Ethics-fmri.ckpt,,63,2023-10-06 10:06:01 GMT,0.29060266446683813,0.08752349394982945,63,commonsense,True,LFB,False,,,-
45,roberta-large,2096.3066215515137,0.4968096315860748,0.4950557351112366,,artifacts/RoBERTa-Ethics-fmri.ckpt,63,2023-10-06 09:01:27 GMT,0.33051338227292515,0.1062413981421152,63,commonsense,True,LFB,False,AVG,46.0,LFB then commonsense
46,roberta-large,2228.957775115967,0.5,0.5,artifacts/RoBERTa-Ethics-fmri.ckpt,,43,2023-10-06 08:25:33 GMT,0.33051338227292515,0.1062413981421152,43,commonsense,False,LFB,True,AVG,,-
47,roberta-large,2185.7181589603424,0.7023620009422302,0.8662060499191284,,artifacts/RoBERTa_3hours_on_ethics_only.ckpt,43,2023-10-06 07:47:40 GMT,0.29941287741973677,0.07413183128913259,43,commonsense,False,LFB,True,LAST,,-
48,roberta-large,4256.626519441605,0.7204018831253052,0.901766836643219,,artifacts/RoBERTa-Ethics-fmri.ckpt,184,2023-10-05 19:33:54 GMT,0.2025892997001595,0.07615254448551598,184,commonsense,True,LFB,False,AVG,49.0,-
49,roberta-large,10295.013877630234,0.7215041518211365,0.8968977332115173,artifacts/RoBERTa-Ethics-fmri.ckpt,,184,2023-10-05 18:22:05 GMT,0.2025892997001595,0.07615254448551598,184,commonsense,True,LFB,False,LAST,,-
50,roberta-large,4225.638116598129,0.5002519488334656,0.4990079402923584,artifacts/RoBERTa-Ethics-fmri.ckpt,,184,2023-10-05 15:29:59 GMT,0.2906026825060407,0.08752349938286708,184,commonsense,True,LFB,False,,,-
51,roberta-large,917.357797384262,0.4998582899570465,0.4998582899570465,artifacts/RoBERTa-Ethics-fmri.ckpt,,30,2023-10-05 14:18:29 GMT,0.2906026825060407,0.08752349938286708,30,commonsense,True,LFB,False,,,-
52,roberta-large,2243.750134944916,0.5,0.5,,,60,2023-10-04 19:44:23 GMT,0.28364039321339796,0.10446455204835241,60,commonsense,False,LFB,True,LAST,,-
53,roberta-large,2243.6332664489746,0.5,0.5,,artifacts/train_head_on_ethics_roberta-large.ckpt,60,2023-10-04 19:06:37 GMT,0.33623752191758294,0.09406014951067204,60,commonsense,False,LFB,True,AVG,54.0,commonsense then LFB
54,roberta-large,4594.457991838455,0.4990706443786621,0.5,artifacts/train_head_on_ethics_roberta-large.ckpt,,12,2023-10-04 18:28:48 GMT,0.2906026825060407,0.08752349938286708,12,commonsense,True,LFB,False,,,-
55,roberta-large,2254.48078417778,,0.5,artifacts/train_head_on_ethics_roberta-large.ckpt,,2,2023-10-04 17:04:11 GMT,,,2,commonsense,True,LFB,False,,,-
56,roberta-large,741.2517783641815,,0.5,artifacts/train_head_on_ethics_roberta-large.ckpt,,33,2023-10-04 16:19:45 GMT,,,33,commonsense,True,LFB,False,,,-
57,roberta-large,2226.0437762737274,0.5006285905838013,0.5010448694229126,,,60,2023-10-04 14:39:14 GMT,0.3036638013448754,0.097348000173175,60,commonsense,False,LFB,True,LAST,,-
58,roberta-large,7028.423704385757,0.7316893339157104,0.8956918716430664,,,127,2023-10-04 14:01:46 GMT,0.22933650212760395,0.10219195481661768,127,commonsense,True,LFB,False,LAST,,-
59,roberta-large,2215.8219594955444,0.5,0.5,,artifacts/train_head_on_ethics_roberta-large.ckpt,60,2023-10-04 12:04:16 GMT,0.28561716498958806,0.09229291865970551,60,commonsense,False,LFB,True,AVG,60.0,commonsense then LFB
60,roberta-large,7031.11376452446,0.734114408493042,0.9020938277244568,artifacts/train_head_on_ethics_roberta-large.ckpt,,127,2023-10-04 11:26:52 GMT,0.19945906240629435,0.09178175291343794,127,commonsense,True,LFB,False,AVG,,-
61,roberta-large,2222.5290319919586,0.5,0.5,,,60,2023-10-04 09:29:20 GMT,0.2725667442128642,0.07239112774092107,60,commonsense,False,LFB,True,AVG,,-
62,microsoft/deberta-v2-xlarge,466.7319097518921,,0.5013333559036255,,artifacts/train_head_on_ethics_DEBERTA.ckpt,15,2023-10-04 08:47:29 GMT,,,15,commonsense,False,LFB,True,AVG,63.0,commonsense then LFB
63,microsoft/deberta-v2-xlarge,13518.855049610138,0.49799999594688416,0.5013333559036255,artifacts/train_head_on_ethics_DEBERTA.ckpt,,405,2023-10-04 08:38:47 GMT,0.28153106919836385,0.11738983519401001,405,commonsense,True,LFB,False,AVG,,-
64,microsoft/deberta-v2-xlarge,6646.211628198624,0.484499990940094,0.4986666738986969,,artifacts/train_head_on_ethics_DEBERTA.ckpt,220,2023-10-03 23:59:02 GMT,0.17229983872839577,0.14956302703971705,220,commonsense,False,LFB,True,AVG,65.0,commonsense then LFB
65,microsoft/deberta-v2-xlarge,13131.000771045685,0.49900001287460327,0.49844446778297424,artifacts/train_head_on_ethics_DEBERTA.ckpt,,336,2023-10-03 22:07:17 GMT,0.17057621720362467,0.12070607574616302,336,commonsense,True,LFB,False,AVG,,-
66,bert-large-cased,2958.903335094452,0.48773330450057983,0.49751773476600647,,,115,2023-10-03 18:22:09 GMT,0.2468700084688145,0.10766782074664606,115,commonsense,False,LFB,True,LAST,,-
67,bert-large-cased,4717.6433227062225,0.5872511267662048,0.7927094101905823,,,141,2023-10-03 17:32:29 GMT,0.21905892925901813,0.09626811559511157,141,commonsense,True,LFB,False,LAST,,-
68,bert-large-cased,2956.4278090000153,0.5959523916244507,0.7773470878601074,,artifacts/train_head_on_ethics_bert-large-cased.ckpt,115,2023-10-03 16:13:32 GMT,0.25341602333076707,0.07523365825730186,115,commonsense,False,LFB,True,AVG,69.0,commonsense then LFB
69,bert-large-cased,4719.336962938309,0.5882715582847595,0.7802029848098755,artifacts/train_head_on_ethics_bert-large-cased.ckpt,,141,2023-10-03 15:23:48 GMT,0.17877306408680188,0.1024096155370776,141,commonsense,True,LFB,False,AVG,,-
70,bert-large-cased,1482.2194278240204,,0.5,artifacts/train_head_on_ethics_bert-large-cased.ckpt,,82,2023-10-03 14:00:19 GMT,,,82,commonsense,True,LFB,False,AVG,,-
71,bert-base-cased,960.6575095653534,0.5444515347480774,0.6678712368011475,,,16,2023-10-03 13:22:44 GMT,0.2329129216687288,0.07002680086145861,16,commonsense,True,LFB,False,AVG,,-
72,bert-base-cased,1431.892289876938,,0.5,,,0,2023-10-03 12:41:39 GMT,,,0,commonsense,True,LFB,True,LAST,,-
73,bert-base-cased,207.1023421287537,,0.5,,,0,2023-10-03 10:08:59 GMT,,,0,commonsense,True,LFB,True,LAST,,-
74,bert-base-cased,1809.006688594818,,0.5,,,8,2023-10-03 09:55:53 GMT,,,8,commonsense,True,LFB,True,LAST,,-
75,bert-base-cased,463.9216029644013,,,,,11,2023-10-03 08:55:01 GMT,,,11,commonsense,True,LFB,False,AVG,,-
76,bert-base-cased,773.6532227993011,0.5,,,,1,2023-10-02 17:08:48 GMT,0.3802227814846738,0.00968887914501701,1,commonsense,True,LFB,False,AVG,,-
77,bert-base-cased,572.0016977787018,0.5,,,,1,2023-10-02 16:49:17 GMT,0.38021426790723517,0.015228281038501316,1,commonsense,True,LFB,False,AVG,,-
78,bert-base-cased,622.9897091388702,0.5032753944396973,,,,1,2023-10-02 16:30:49 GMT,0.2269068553956225,0.11639871653598009,1,commonsense,True,LFB,True,LAST,,-
79,bert-base-cased,2016.7818207740784,,0.5,,,23,2023-10-02 12:22:28 GMT,,,23,commonsense,True,LFB,False,AVG,,-
80,bert-base-cased,991.8274314403534,,0.5,,,28,2023-10-02 11:44:51 GMT,,,28,commonsense,True,LFB,False,AVG,,-
81,bert-base-cased,147.84179615974426,,,,,11,2023-09-30 11:51:40 GMT,,,11,commonsense,True,LFB,False,AVG,,-
82,bert-base-cased,985.1379437446594,,0.5,artifacts/train_head_on_ethics_bert-base-cased.ckpt,,19,2023-09-30 11:20:44 GMT,,,19,commonsense,True,LFB,False,AVG,,-
83,bert-base-cased,249.58392310142517,,,,,3,2023-09-30 10:57:56 GMT,,,3,commonsense,True,LFB,True,LAST,,-
84,bert-large-cased,2704.7518393993378,0.5,0.5,artifacts/train_head_on_ethics_bert-large-cased.ckpt,,133,2023-09-30 10:45:25 GMT,,,133,commonsense,True,LFB,False,AVG,,-
85,bert-base-cased,687.6243345737457,0.5042048692703247,0.5025123953819275,,,21,2023-09-30 09:59:42 GMT,0.25760895591291794,0.09899226144047944,21,commonsense,False,LFB,True,LAST,,-
86,bert-base-cased,1130.2561600208282,0.5,0.5,,,36,2023-09-30 09:47:56 GMT,0.35844050000209293,0.015895671156079233,36,commonsense,True,LFB,False,LAST,,-
87,bert-base-cased,694.0684797763824,0.5,0.5,,artifacts/train_head_on_ethics_bert-base-cased.ckpt,21,2023-09-30 09:28:47 GMT,0.33262307984946127,0.10468536983702116,21,commonsense,False,LFB,True,AVG,88.0,commonsense then LFB
88,bert-base-cased,1131.6209411621094,0.5,0.5,artifacts/train_head_on_ethics_bert-base-cased.ckpt,,36,2023-09-30 09:16:53 GMT,0.36097479173027214,0.030480138137755197,36,commonsense,True,LFB,False,AVG,,-
89,bert-base-cased,464.1264181137085,,0.5,artifacts/train_head_on_ethics_bert-base-cased.ckpt,,14,2023-09-30 08:50:07 GMT,,,14,commonsense,True,LFB,False,AVG,,-
90,bert-large-cased,1440.0082774162292,0.4925000071525574,0.4740000069141388,,,63,2023-09-29 18:20:13 GMT,0.1938760836378009,0.13314765356029815,63,commonsense,False,LFB,True,LAST,,-
91,bert-large-cased,2394.5915253162384,0.4879167675971985,0.517916738986969,,,87,2023-09-29 17:55:49 GMT,0.18920358675070692,0.14794896179203634,87,commonsense,True,LFB,False,LAST,,-
92,bert-large-cased,1424.4357006549835,0.4794999957084656,0.4939444661140442,,artifacts/train_head_on_ethics_bert-large-cased.ckpt,63,2023-09-29 17:15:15 GMT,0.29690031949440515,0.12439769034608732,63,commonsense,False,LFB,True,AVG,93.0,commonsense then LFB
93,bert-large-cased,2275.6702258586884,0.49791669845581055,0.5182222127914429,artifacts/train_head_on_ethics_bert-large-cased.ckpt,,87,2023-09-29 16:50:56 GMT,0.17799314206411126,0.14855091637149254,87,commonsense,True,LFB,False,AVG,,-
94,bert-large-cased,3765.083158016205,0.5272916555404663,0.5298148393630981,,artifacts/train_head_on_ethics_bert-large-cased.ckpt,61,2023-09-29 15:46:30 GMT,0.2527682042793647,0.11490615584208248,61,commonsense,False,LFB,True,AVG,,-
95,bert-base-cased,1384.9263854026794,0.4944084584712982,0.5057781338691711,,,47,2023-09-29 14:41:28 GMT,0.2045463489957651,0.07793976604109676,47,commonsense,False,LFB,True,LAST,,-
96,bert-base-cased,1787.7064092159271,0.5,0.5149999856948853,,,57,2023-09-29 14:17:59 GMT,0.3564425837210733,0.033728847641094656,57,commonsense,True,LFB,False,LAST,,-
97,bert-base-cased,1265.169862985611,0.5554250478744507,0.736579418182373,,artifacts/train_head_on_ethics_bert-base-cased.ckpt,47,2023-09-29 13:47:51 GMT,0.1805237772540375,0.08747265688461157,47,commonsense,False,LFB,True,AVG,98.0,commonsense then LFB
98,bert-base-cased,1625.167465686798,0.5539613366127014,0.7173922657966614,artifacts/train_head_on_ethics_bert-base-cased.ckpt,,57,2023-09-29 13:26:17 GMT,0.1802456482052237,0.08114503265170846,57,commonsense,True,LFB,False,AVG,,-
99,bert-base-cased,172.29491090774536,,,,,9,2023-09-29 12:11:22 GMT,0.2269068553956225,0.11639871653598009,9,commonsense,True,LFB,True,LAST,,-
100,bert-base-cased,47.7519052028656,,,,,1,2023-09-29 12:01:25 GMT,0.10916486084776109,0.016242740445912958,1,commonsense,True,LFB,True,LAST,,-
101,bert-base-cased,293.5558943748474,0.5151380300521851,0.6642106771469116,,,30,2023-09-29 08:40:03 GMT,,,30,commonsense,True,LFB,True,LAST,,-
102,bert-large-cased,2630.904547929764,0.5525725483894348,0.6499056816101074,,artifacts/train_head_on_ethics_bert_large.ckpt,52,2023-09-29 07:48:23 GMT,,,52,commonsense,False,LFB,True,AVG,110.0,commonsense then LFB
103,bert-large-cased,3551.4800577163696,,0.4655402302742005,,,92,2023-09-28 23:47:54 GMT,,,92,commonsense,False,LFB,True,LAST,,-
104,bert-large-cased,3083.5333409309387,0.5,0.4996379315853119,,,57,2023-09-28 22:38:54 GMT,,,57,commonsense,True,LFB,False,LAST,,-
105,bert-large-cased,3623.6009180545807,,0.505025327205658,,,89,2023-09-28 21:46:26 GMT,,,89,commonsense,False,LFB,True,LAST,,-
106,bert-large-cased,1337.416684627533,0.5298568606376648,0.6453668475151062,,,57,2023-09-28 20:38:43 GMT,,,57,commonsense,True,LFB,False,LAST,,-
107,bert-large-cased,3954.974606990814,0.4997403919696808,0.5003620386123657,,,93,2023-09-28 20:06:07 GMT,,,93,commonsense,False,LFB,True,AVG,,-
108,bert-large-cased,2857.7242069244385,,0.4996379315853119,,,56,2023-09-28 18:56:07 GMT,,,56,commonsense,True,LFB,False,AVG,,-
109,bert-large-cased,4814.1206974983215,,0.6646527051925659,,artifacts/train_head_on_ethics_bert_large.ckpt,89,2023-09-28 18:07:29 GMT,,,89,commonsense,False,LFB,True,AVG,110.0,commonsense then LFB
110,bert-large-cased,1314.2497627735138,0.5423464775085449,0.6546140909194946,artifacts/train_head_on_ethics_bert_large.ckpt,,57,2023-09-28 16:18:21 GMT,,,57,commonsense,True,LFB,False,AVG,,-
111,bert-base-cased,148.3109631538391,0.529077410697937,0.612122654914856,,,5,2023-09-28 15:50:57 GMT,,,5,commonsense,True,LFB,True,LAST,,-
112,bert-base-cased,616.0114815235138,0.5,,,,0,2023-09-28 15:40:14 GMT,,,0,commonsense,True,LFB,True,LAST,,-
113,bert-large-cased,1582.567322254181,0.5002595782279968,0.4996379315853119,,artifacts/train_head_on_ethics_bert_large.ckpt,27,2023-09-28 15:30:07 GMT,,,27,commonsense,False,LFB,True,AVG,114.0,commonsense then LFB
114,bert-large-cased,2909.6216175556183,,0.4996379315853119,artifacts/train_head_on_ethics_bert_large.ckpt,,56,2023-09-28 14:59:24 GMT,,,56,commonsense,True,LFB,False,AVG,,-
115,bert-large-cased,348.30588936805725,,0.5003620386123657,artifacts/train_head_on_ethics_bert_large.ckpt,artifacts/train_head_on_ethics_bert_large.ckpt,8,2023-09-28 13:38:09 GMT,,,8,commonsense,False,LFB,True,AVG,121.0,commonsense then LFB
116,bert-large-cased,903.5377411842346,0.5338348746299744,0.6738196611404419,,artifacts/train_head_on_ethics_bert_large.ckpt,4,2023-09-28 13:31:51 GMT,,,4,commonsense,True,LFB,False,AVG,121.0,-
117,bert-large-cased,325.2444648742676,,0.5498076677322388,,artifacts/train_head_on_ethics_bert_large.ckpt,4,2023-09-28 12:58:38 GMT,,,4,commonsense,True,LFB,False,AVG,121.0,-
118,bert-large-cased,1650.5821251869202,0.5400350093841553,0.665782630443573,,artifacts/train_head_on_ethics_bert_large.ckpt,22,2023-09-28 12:40:42 GMT,,,22,commonsense,True,LFB,False,AVG,121.0,-
119,bert-large-cased,676.3929615020752,0.5406560301780701,0.5758435130119324,,artifacts/train_head_on_ethics_bert_large.ckpt,8,2023-09-28 12:12:20 GMT,,,8,commonsense,True,LFB,False,AVG,121.0,-
120,bert-base-cased,627.6940457820892,0.5205366015434265,0.5473920702934265,,,25,2023-09-28 11:20:15 GMT,,,25,commonsense,True,LFB,True,LAST,,-
121,bert-large-cased,3687.020716190338,0.5351073741912842,,artifacts/train_head_on_ethics_bert_large.ckpt,,0,2023-09-27 10:58:07 GMT,,,0,commonsense,True,LFB,False,LAST,,-
122,bert-base-cased,233.8168678283691,,0.5628098249435425,,,2,2023-09-27 09:43:39 GMT,,,2,commonsense,True,LFB,True,LAST,,-
123,bert-base-cased,886.7482504844666,0.5051379203796387,,,,0,2023-09-26 13:12:42 GMT,,,0,commonsense,True,LFB,True,LAST,,-
124,bert-base-cased,525.3575637340546,0.5034927725791931,,,,0,2023-09-26 12:52:54 GMT,,,0,commonsense,True,LFB,True,LAST,,-
125,bert-large-cased,31771.094570159912,0.5119072198867798,0.5186913013458252,artifacts/train_head_on_ethics_bert_large_end.ckpt,artifacts/train_head_on_ethics_bert_large.ckpt,1545,2023-09-26 07:19:08 GMT,,,1545,commonsense,False,LFB,True,AVG,126.0,commonsense then LFB
126,bert-large-cased,14880.22339630127,0.5451452732086182,0.6563328504562378,artifacts/train_head_on_ethics_bert_large.ckpt,,1283,2023-09-25 22:29:09 GMT,,,1283,commonsense,True,LFB,False,LAST,,-
127,bert-large-cased,11291.633395910265,0.5304581522941589,0.5695752501487732,artifacts/train_head_on_ethics_bert_large_end.ckpt,artifacts/train_head_on_ethics_bert_large.ckpt,645,2023-09-25 17:59:06 GMT,,,645,commonsense,False,LFB,True,AVG,128.0,commonsense then LFB
128,bert-large-cased,5881.73924446106,0.527925431728363,0.5907252430915833,artifacts/train_head_on_ethics_bert_large.ckpt,,651,2023-09-25 14:50:31 GMT,,,651,commonsense,True,LFB,False,LAST,,-
129,bert-large-cased,10514.687022686005,0.5400397181510925,0.6545830965042114,,artifacts/train_head_on_ethics_bert_large.ckpt,701,2023-09-25 12:26:00 GMT,,,701,commonsense,False,LFB,True,AVG,130.0,commonsense then LFB
130,bert-large-cased,4170.205071687698,0.529625415802002,0.6786456108093262,artifacts/train_head_on_ethics_bert_large.ckpt,,523,2023-09-25 09:30:15 GMT,,,523,commonsense,True,LFB,False,LAST,,-
131,bert-base-cased,132.76133966445923,0.49983611702919006,0.49791303277015686,,,20,2023-09-25 08:18:35 GMT,,,20,commonsense,False,LFB,True,LAST,,-
132,bert-base-cased,144.43823981285095,0.5168223977088928,0.5325327515602112,,,15,2023-09-25 07:28:54 GMT,,,15,commonsense,True,LFB,True,LAST,,-
133,bert-base-cased,180.44248795509336,0.5046797394752502,0.6491926312446594,,,20,2023-09-25 07:23:04 GMT,,,20,commonsense,True,LFB,True,LAST,,-
134,bert-base-cased,199.76384830474856,0.0,0.5929999947547913,,,27,2023-09-25 06:30:54 GMT,,,27,commonsense,True,LFB,True,LAST,,-
135,bert-base-cased,154.69078946113586,0.0,0.6060000061988831,,,19,2023-09-25 06:25:32 GMT,,,19,commonsense,True,LFB,True,LAST,,-
136,bert-base-cased,222.38172507286072,0.0,0.6800000071525574,,,32,2023-09-25 06:22:03 GMT,,,32,commonsense,True,LFB,True,LAST,,-
137,bert-large-cased,5695.118129253387,0.4839999973773956,,,artifacts/train_head_on_ethics_bert_large.ckpt,202,2023-09-23 10:54:01 GMT,,,202,commonsense,False,LFB,True,AVG,138.0,commonsense then LFB
138,bert-large-cased,2843.2788376808167,0.4970000088214874,0.4704999923706054,artifacts/train_head_on_ethics_bert_large.ckpt,,325,2023-09-23 09:18:41 GMT,,,325,commonsense,True,LFB,False,LAST,,-
139,bert-large-cased,2629.571589708328,0.48500001430511475,,,artifacts/train_head_on_ethics_bert_large.ckpt,101,2023-09-23 08:27:54 GMT,,,101,commonsense,False,LFB,True,AVG,140.0,commonsense then LFB
140,bert-large-cased,2676.0028533935547,0.4790000021457672,0.4194999933242798,artifacts/train_head_on_ethics_bert_large.ckpt,,325,2023-09-23 07:43:38 GMT,,,325,commonsense,True,LFB,False,LAST,,-
141,bert-base-cased,165.69549560546875,0.5220000147819519,0.6060000061988831,,,20,2023-09-23 06:55:13 GMT,,,20,commonsense,True,LFB,True,LAST,,-
142,bert-base-cased,906.7631061077118,,,,,3,2023-09-22 20:07:59 GMT,,,3,commonsense,True,LFB,True,LAST,,-
143,bert-large-cased,8255.37435722351,,,,artifacts/train_head_on_ethics_bert_large.ckpt,563,2023-09-22 20:38:15 GMT,,,563,commonsense,False,LFB,True,AVG,144.0,commonsense then LFB
144,bert-large-cased,2325.5034594535828,,,artifacts/train_head_on_ethics_bert_large.ckpt,,318,2023-09-22 18:19:35 GMT,,,318,commonsense,True,LFB,False,LAST,,-
145,bert-base-cased,13471.061417102814,0.531000018119812,0.5960000157356262,,,248,2023-09-22 05:19:19 GMT,,,248,,,,,,,-
146,bert-large-cased,11062.482272863388,0.48500001430511475,,,artifacts/train_head_on_ethics_bert_large.ckpt,564,2023-09-21 19:30:26 GMT,,,564,commonsense,False,LFB,True,AVG,147.0,commonsense then LFB
147,bert-large-cased,3041.7673218250275,0.5490000247955322,0.6840000152587891,artifacts/train_head_on_ethics_bert_large.ckpt,,325,2023-09-21 16:25:28 GMT,,,325,commonsense,True,LFB,False,LAST,,-
148,bert-large-cased,1220.8585183620453,0.5189999938011169,,,artifacts/train_head_on_ethics_bert_large.ckpt,44,2023-09-21 15:31:01 GMT,,,44,commonsense,False,LFB,True,AVG,149.0,commonsense then LFB
149,bert-large-cased,927.5932185649872,0.515999972820282,0.534500002861023,artifacts/train_head_on_ethics_bert_large.ckpt,,78,2023-09-21 15:10:19 GMT,,,78,commonsense,True,LFB,False,LAST,,-
150,bert-base-cased,282.06272315979004,0.515999972820282,,,artifacts/train_head_on_ethics.ckpt,22,2023-09-21 14:50:33 GMT,,,22,commonsense,False,LFB,True,AVG,151.0,commonsense then LFB
151,bert-base-cased,317.1926975250244,0.5289999842643738,0.6294999718666077,artifacts/train_head_on_ethics.ckpt,,78,2023-09-21 14:30:45 GMT,,,78,commonsense,True,LFB,False,LAST,,-
152,bert-base-cased,319.08488965034485,0.5320000052452087,0.5504999756813049,artifacts/train_head_on_ethics.ckpt,,78,2023-09-21 14:21:54 GMT,,,78,commonsense,True,LFB,False,LAST,,-
153,bert-base-cased,118.01417231559752,0.5199999809265137,0.609000027179718,artifacts/checkpoint.ckpt,,12,2023-09-21 13:55:25 GMT,,,12,commonsense,True,LFB,True,LAST,,-
154,bert-base-cased,66.42742347717285,0.5230000019073486,,,,12,2023-09-21 13:42:11 GMT,,,12,commonsense,True,LFB,True,LAST,,-
155,bert-base-cased,79.23234558105469,0.5299999713897705,0.6290000081062317,,,23,2023-09-21 13:39:39 GMT,,,23,commonsense,True,LFB,,LAST,,-
156,bert-base-cased,106.0059552192688,0.515999972820282,0.6349999904632568,,,50,2023-09-21 12:22:01 GMT,,,50,commonsense,True,LFB,,LAST,,-
157,bert-base-cased,113.37168598175047,0.5230000019073486,0.5360000133514404,,,23,2023-09-20 16:10:21 GMT,,,23,commonsense,True,LFB,,LAST,,-
158,bert-large-cased,12975.603532075882,0.515999972820282,0.5339999794960022,,,410,2023-09-19 17:54:35 GMT,,,410,commonsense,True,LFB,True,SENTENCES,,-
159,bert-base-cased,983.3234541416168,0.5189999938011169,0.5299999713897705,,,296,2023-09-19 13:59:35 GMT,,,296,commonsense,True,LFB,,LAST,,-
160,bert-large-cased,16023.36880993843,0.5730000138282776,0.7540000081062317,,,585,2023-09-19 12:58:42 GMT,,,585,commonsense,True,LFB,True,AVG,,-
161,bert-large-cased,2231.163437604904,0.515999972820282,0.5299999713897705,,,133,2023-09-19 05:58:51 GMT,,,133,commonsense,True,LFB,False,LAST,,-
162,bert-large-cased,4563.24374127388,0.5600000023841858,0.7350000143051147,,,146,2023-09-19 05:18:43 GMT,,,146,commonsense,True,LFB,True,AVG,,-
163,bert-large-cased,4317.194122552872,0.515999972820282,0.5299999713897705,,,163,2023-09-19 04:02:22 GMT,,,163,commonsense,True,LFB,True,AVG,,-
164,bert-large-cased,4264.367608785629,0.5649999976158142,0.7360000014305115,,,194,2023-09-19 02:50:04 GMT,,,194,commonsense,True,LFB,True,AVG,,-
165,bert-large-cased,4564.374855518341,0.5699999928474426,0.7450000047683716,,,146,2023-09-19 01:38:39 GMT,,,146,commonsense,True,LFB,True,MIDDLE,,-
166,bert-large-cased,4325.295979976654,0.515999972820282,0.5299999713897705,,,163,2023-09-19 00:22:18 GMT,,,163,commonsense,True,LFB,True,MIDDLE,,-
167,bert-large-cased,4266.319978713989,0.515999972820282,0.5299999713897705,,,194,2023-09-18 23:09:54 GMT,,,194,commonsense,True,LFB,True,MIDDLE,,-
168,bert-large-cased,4579.343895196915,0.5759999752044678,0.7400000095367432,,,146,2023-09-18 21:58:23 GMT,,,146,commonsense,True,LFB,True,LAST,,-
169,bert-large-cased,4325.839015722275,0.515999972820282,0.5299999713897705,,,163,2023-09-18 20:41:42 GMT,,,163,commonsense,True,LFB,True,LAST,,-
170,bert-large-cased,4295.264527082443,0.5559999942779541,0.7120000123977661,,,194,2023-09-18 19:29:15 GMT,,,194,commonsense,True,LFB,True,LAST,,-
171,bert-large-cased,359.32848930358887,,,,,8,2023-09-18 18:11:24 GMT,,,8,commonsense,True,LFB,True,LAST,,-
172,bert-large-cased,8847.339977025986,,,,,543,2023-09-18 17:07:52 GMT,,,543,commonsense,False,LFB,,LAST,,-
173,bert-large-cased,399.51161313056946,,,,,7,2023-09-16 13:34:43 GMT,,,7,commonsense,True,LFB,,LAST,,-
174,bert-large-cased,4329.159880876541,0.5709999799728394,0.7459999918937683,,,127,2023-09-16 13:27:43 GMT,,,127,commonsense,True,LFB,,LAST,,-
175,microsoft/deberta-v2-xlarge,1763.7730643749237,,0.4664879441261291,,,105,2023-09-16 11:27:45 GMT,,,105,commonsense,True,LFB,False,LAST,,-
176,microsoft/deberta-v2-xlarge,4626.079259395599,0.484375,0.6997318863868713,,,181,2023-09-16 10:57:52 GMT,,,181,commonsense,True,LFB,True,LAST,,-
177,bert-large-cased,2196.409217119217,0.9113208651542664,,,,176,2023-09-16 08:01:50 GMT,,,176,commonsense,False,learning_from_brains,,LAST,,-
178,bert-large-cased,6599.947950363159,0.5199999809265137,0.4659999907016754,,,408,2023-09-15 16:58:26 GMT,,,408,commonsense,True,learning_from_brains,,LAST,,-
179,microsoft/deberta-v2-xlarge,21388.017303705215,,0.5335120558738708,,,799,2023-09-15 16:50:49 GMT,,,799,commonsense,True,learning_from_brains,,LAST,,-
180,microsoft/deberta-v2-xlarge,13768.85400533676,0.453125,0.5335120558738708,,,494,2023-09-15 10:46:50 GMT,,,494,commonsense,True,learning_from_brains,,LAST,,-
181,bert-large-cased,33561.041081905365,0.550000011920929,0.7519999742507935,,,1095,2023-09-15 15:08:03 GMT,,,1095,commonsense,True,learning_from_brains,,LAST,,-
182,bert-base-cased,109.50155782699584,1.0756090879440308,,,,600,2023-09-15 00:34:24 GMT,,,600,,,,,SENTENCES,,-
183,bert-base-cased,333.45714712142944,,,,,1199,2023-09-15 00:29:59 GMT,,,1199,,,,,SENTENCES,,-
184,bert-base-cased,281.85196018218994,1.0849390029907229,,,,600,2023-09-15 00:23:50 GMT,,,600,,,,,SENTENCES,,-
185,bert-large-cased,3476.682554244995,0.5199999809265137,0.5325000286102295,,,353,2023-09-14 23:42:17 GMT,,,353,commonsense,True,learning_from_brains,,LAST,,-
186,bert-base-cased,5.8928141593933105,,,,,4,2023-09-14 15:46:52 GMT,,,4,,,,,SENTENCES,,-
187,bert-base-cased,13.16309094429016,,,,,4,2023-09-14 15:31:59 GMT,,,4,,,,,SENTENCES,,-
188,bert-base-cased,205.98233342170715,,,,,10,2023-09-14 14:46:08 GMT,,,10,,,,,SENTENCES,,-
189,bert-large-cased,29650.626119852062,0.5099999904632568,0.6800000071525574,,,1889,2023-09-14 22:43:57 GMT,,,1889,commonsense,True,learning_from_brains,,LAST,,-
190,bert-large-cased,564.827234506607,,,,,29,2023-09-14 14:27:58 GMT,,,29,commonsense,True,learning_from_brains,,LAST,,-
191,bert-base-cased,393.3537392616272,0.515999972820282,0.5299999713897705,,,26,2023-09-14 14:00:38 GMT,,,26,commonsense,True,learning_from_brains,,LAST,,-
192,bert-base-cased,528.6731519699097,0.515999972820282,0.5299999713897705,,,37,2023-09-14 13:52:28 GMT,,,37,commonsense,True,learning_from_brains,,LAST,,-
193,bert-base-cased,610.4560539722443,0.515999972820282,0.5099999904632568,,,96,2023-09-14 12:58:21 GMT,,,96,commonsense,True,learning_from_brains,,LAST,,-
194,bert-base-cased,630.4593250751495,0.515999972820282,0.5099999904632568,,,62,2023-09-14 12:44:00 GMT,,,62,commonsense,True,learning_from_brains,,LAST,,-
195,bert-base-cased,7602.054200410843,,,,,22,2023-09-14 14:39:38 GMT,,,22,,,,,SENTENCES,,-
196,bert-base-cased,450.29399609565735,0.515999972820282,0.5099999904632568,,,40,2023-09-14 12:31:53 GMT,,,40,commonsense,True,learning_from_brains,,LAST,,-
197,bert-base-cased,475.38592004776,0.515999972820282,0.5099999904632568,,,71,2023-09-14 12:21:32 GMT,,,71,commonsense,True,learning_from_brains,,LAST,,-
198,bert-base-cased,28.06265234947205,,,,,19,2023-09-14 11:15:54 GMT,,,19,,,,,SENTENCES,,-
199,bert-large-cased,7609.680545568466,0.5199999809265137,0.5339999794960022,,,445,2023-09-14 11:10:38 GMT,,,445,commonsense,True,learning_from_brains,,LAST,,-
200,bert-large-cased,5999.709806442261,0.5199999809265137,0.5339999794960022,,,348,2023-09-14 09:01:14 GMT,,,348,commonsense,True,learning_from_brains,,LAST,,-
201,bert-large-cased,1798.0449018478394,,0.5339999794960022,,,108,2023-09-14 07:10:52 GMT,,,108,commonsense,True,learning_from_brains,,LAST,,-
202,bert-large-cased,47400.09772133827,0.5199999809265137,0.5339999794960022,,,2811,2023-09-14 06:32:12 GMT,,,2811,commonsense,True,learning_from_brains,,LAST,,-
203,bert-large-cased,640.5196290016174,,,,,35,2023-09-13 17:20:47 GMT,,,35,commonsense,True,learning_from_brains,,LAST,,-
204,bert-large-cased,1241.207018136978,,0.5400000214576721,,,52,2023-09-13 16:41:18 GMT,,,52,commonsense,True,learning_from_brains,,LAST,,-
205,bert-base-cased,1083.7759268283844,,0.6200000047683716,,,39,2023-09-13 16:17:10 GMT,,,39,commonsense,True,learning_from_brains,,LAST,,-
206,bert-base-cased,555.8120539188385,,0.6200000047683716,,,31,2023-09-13 15:57:30 GMT,,,31,commonsense,True,learning_from_brains,,LAST,,-
207,bert-base-cased,103.39229798316956,,,,,11,2023-09-13 15:44:16 GMT,,,11,commonsense,True,learning_from_brains,,LAST,,-
208,bert-large-cased,8252.080195903778,,0.5249999761581421,,,599,2023-09-13 12:39:16 GMT,,,599,commonsense,True,learning_from_brains,,LAST,,-
209,bert-large-cased,556.1202301979065,,,,,18,2023-09-13 10:04:56 GMT,,,18,commonsense,True,learning_from_brains,,LAST,,-
210,bert-large-cased,1837.133608341217,,,,,58,2023-09-13 09:44:39 GMT,,,58,commonsense,True,learning_from_brains,,SENTENCES,,-
211,bert-base-cased,412.3695046901703,,0.550000011920929,,,60,2023-09-13 09:08:42 GMT,,,60,commonsense,True,learning_from_brains,,LAST,,-
212,bert-base-cased,354.5366461277008,,0.4900000095367432,,,2,2023-09-13 08:30:55 GMT,,,2,,,,,,,-
213,bert-base-cased,588.2305908203125,0.5180000066757202,0.5,,,1,2023-09-13 07:41:15 GMT,,,1,,,,,,,-
214,bert-base-cased,351.6646592617035,0.4900000095367432,,,,2,2023-09-13 07:15:44 GMT,,,2,,,,,,,-
215,bert-base-cased,78.70291304588318,0.5199999809265137,0.5099999904632568,,,24,2023-09-13 07:04:18 GMT,,,24,commonsense,True,learning_from_brains,,LAST,,-
216,bert-base-cased,583.3752310276031,0.5199999809265137,,,,9,2023-09-13 06:57:46 GMT,,,9,,,,,,,-
217,bert-large-cased,255.35976839065552,,,,,35,2023-09-12 09:41:09 GMT,,,35,commonsense,False,learning_from_brains,,SENTENCES,,-
218,microsoft/deberta-v2-xlarge,35719.140535354614,,0.5299999713897705,,,929,2023-09-12 03:45:19 GMT,,,929,commonsense,True,learning_from_brains,,SENTENCES,,-
219,microsoft/deberta-v2-xlarge,1356.2867658138275,,,,,34,2023-09-11 17:46:38 GMT,,,34,commonsense,True,learning_from_brains,,SENTENCES,,-
220,bert-large-cased,1877.7357516288755,,0.5183553695678711,,,21,2023-09-11 15:36:59 GMT,,,21,commonsense,True,learning_from_brains,,SENTENCES,,-
221,microsoft/deberta-v2-xlarge,437.897269487381,,,,,18,2023-09-11 06:51:37 GMT,,,18,commonsense,True,learning_from_brains,,SENTENCES,,-
222,bert-large-cased,51536.833899497986,,0.5183553695678711,,,632,2023-09-10 22:00:56 GMT,,,632,commonsense,True,learning_from_brains,,SENTENCES,,-
223,microsoft/deberta-v2-xlarge,145018.21653842926,,0.4699999988079071,,,3582,2023-09-11 06:42:14 GMT,,,3582,commonsense,True,learning_from_brains,,SENTENCES,,-
224,bert-base-cased,2279.6283733844757,,0.5799999833106995,,,47,2023-09-09 14:23:52 GMT,,,47,,,,,,,-
225,bert-base-cased,1483.1271092891693,0.5099999904632568,0.5600000023841858,,,30,2023-09-08 16:18:36 GMT,,,30,,,,,,,-
226,bert-large-cased,15827.953704357147,,0.5299999713897705,,,213,2023-09-08 16:42:51 GMT,,,213,commonsense,True,learning_from_brains,,SENTENCES,,-
227,microsoft/deberta-v2-xlarge,19575.87105178833,,0.5302897095680237,,,123,2023-09-08 16:42:22 GMT,,,123,commonsense,True,learning_from_brains,,SENTENCES,,-
228,bert-large-cased,61727.295224905014,,0.5183553695678711,,,510,2023-09-08 05:46:16 GMT,,,510,commonsense,True,learning_from_brains,,SENTENCES,,-
229,bert-large-cased,9305.182913780212,,0.5183553695678711,,,81,2023-09-07 12:31:01 GMT,,,81,commonsense,True,learning_from_brains,,SENTENCES,,-
230,microsoft/deberta-v2-xlarge,825.7204818725586,0.48423707485198975,0.5004270076751709,,,9,2023-09-06 17:18:27 GMT,,,9,commonsense,,learning_from_brains,,SENTENCES,,-
231,microsoft/deberta-v2-xlarge,17693.451994419098,0.7080706357955933,0.5286080241203308,,,162,2023-09-06 16:51:34 GMT,,,162,commonsense,,learning_from_brains,,SENTENCES,,-
232,microsoft/deberta-v2-xlarge,528.9845213890076,0.4810844957828522,0.5,,,4,2023-09-06 11:29:10 GMT,,,4,commonsense,,learning_from_brains,,SENTENCES,,-
233,microsoft/deberta-v2-xlarge,1285.1543684005735,0.5353089570999146,0.5004270076751709,,,9,2023-09-06 11:04:58 GMT,,,9,commonsense,,learning_from_brains,,SENTENCES,,-
234,microsoft/deberta-v2-xlarge,1077.2237186431885,0.5157629251480103,0.4995730221271515,,,7,2023-09-06 09:52:40 GMT,,,7,commonsense,,learning_from_brains,,SENTENCES,,-
235,microsoft/deberta-v2-xlarge,40172.21165847778,0.517241358757019,0.5250965356826782,,,633,2023-09-06 05:02:59 GMT,,,633,commonsense,,learning_from_brains,,LAST,,-
236,microsoft/deberta-v2-xlarge,835.060352563858,,0.5392535328865051,,,11,2023-09-05 17:51:21 GMT,,,11,commonsense,,learning_from_brains,,LAST,,-
237,microsoft/deberta-v2-xlarge,15367.283487319946,0.502439022064209,0.4990758001804352,,,390,2023-09-05 16:29:55 GMT,,,390,justice,,learning_from_brains,,LAST,,-
238,microsoft/deberta-v2-xlarge,1651.9501502513883,,0.5009242296218872,,,41,2023-09-05 12:05:46 GMT,,,41,justice,,learning_from_brains,,LAST,,-
239,bert-base-cased,489.81043100357056,0.4884937107563019,0.5339855551719666,,,12,2023-09-05 11:13:06 GMT,,,12,commonsense,,learning_from_brains,,LAST,,-
240,deepset/deberta-v3-large-squad2,141.8937790393829,0.5339023470878601,,,,75,2023-08-18 13:06:52 GMT,,,75,,,,,LAST,,-
241,bert-base-cased,14.009280681610107,,,,,14,2023-08-18 13:00:09 GMT,,,14,,,,,LAST,,-
242,bert-base-cased,23.814956665039062,,,,,51,2023-08-18 11:37:24 GMT,,,51,,,,,LAST,,-
243,bert-base-cased,120.1744191646576,,,,,256,2023-08-10 21:37:19 GMT,,,256,,,,,AVG,,-
244,bert-base-cased,54.37414288520813,0.5293333530426025,,,,75,2023-08-10 21:32:43 GMT,,,75,,,,,AVG,,-
245,bert-base-cased,216.0513601303101,0.5293333530426025,,,,450,2023-08-10 21:31:29 GMT,,,450,,,,,AVG,,-
246,bert-base-cased,118.99122071266174,0.47066667675971985,,,,225,2023-08-10 21:27:34 GMT,,,225,,,,,AVG,,-
247,bert-base-cased,54.24850416183472,0.47066667675971985,,,,75,2023-08-10 21:25:18 GMT,,,75,,,,,AVG,,-
248,bert-base-cased,217.61115074157715,0.5293333530426025,,,,450,2023-08-10 21:24:06 GMT,,,450,,,,,AVG,,-
249,bert-base-cased,118.9533236026764,0.5293333530426025,,,,225,2023-08-10 21:20:09 GMT,,,225,,,,,AVG,,-
250,bert-base-cased,54.93316125869751,0.5293333530426025,,,,75,2023-08-10 21:17:50 GMT,,,75,,,,,AVG,,-
251,bert-base-cased,125.4119517803192,0.5293333530426025,,,,450,2023-08-10 21:16:36 GMT,,,450,,,,,AVG,,-
252,bert-base-cased,73.93520617485046,0.5293333530426025,,,,225,2023-08-10 21:14:10 GMT,,,225,,,,,AVG,,-
253,bert-base-cased,40.019001722335815,0.5293333530426025,,,,75,2023-08-10 21:12:38 GMT,,,75,,,,,AVG,,-
254,bert-base-cased,126.1474540233612,0.5293333530426025,,,,450,2023-08-10 21:11:39 GMT,,,450,,,,,AVG,,-
255,bert-base-cased,75.20999574661255,0.5293333530426025,,,,225,2023-08-10 21:09:14 GMT,,,225,,,,,AVG,,-
256,bert-base-cased,40.022719621658325,0.5293333530426025,,,,75,2023-08-10 21:07:40 GMT,,,75,,,,,AVG,,-
257,bert-base-cased,125.5032205581665,0.5293333530426025,,,,450,2023-08-10 21:06:40 GMT,,,450,,,,,AVG,,-
258,bert-base-cased,74.1295440196991,0.5293333530426025,,,,225,2023-08-10 21:04:16 GMT,,,225,,,,,AVG,,-
259,bert-base-cased,40.054593324661255,0.5293333530426025,,,,75,2023-08-10 21:02:43 GMT,,,75,,,,,AVG,,-
260,bert-base-cased,124.99004793167114,0.5293333530426025,,,,450,2023-08-10 21:01:43 GMT,,,450,,,,,AVG,,-
261,bert-base-cased,74.0088403224945,0.5293333530426025,,,,225,2023-08-10 20:59:19 GMT,,,225,,,,,AVG,,-
262,bert-base-cased,40.06700801849365,0.5293333530426025,,,,75,2023-08-10 20:57:43 GMT,,,75,,,,,AVG,,-
263,bert-base-cased,125.73938632011414,0.5293333530426025,,,,450,2023-08-10 20:56:44 GMT,,,450,,,,,AVG,,-
264,bert-base-cased,74.35074257850647,0.5293333530426025,,,,225,2023-08-10 20:54:19 GMT,,,225,,,,,AVG,,-
265,bert-base-cased,40.15264081954956,0.5293333530426025,,,,75,2023-08-10 20:52:46 GMT,,,75,,,,,AVG,,-
266,bert-base-cased,305.0161054134369,0.5293333530426025,,,,450,2023-08-10 20:51:44 GMT,,,450,,,,,LAST,,-
267,bert-base-cased,163.58999848365784,0.5293333530426025,,,,225,2023-08-10 20:46:19 GMT,,,225,,,,,LAST,,-
268,bert-base-cased,69.38036012649536,0.47066667675971985,,,,75,2023-08-10 20:43:15 GMT,,,75,,,,,LAST,,-
269,bert-base-cased,306.29916310310364,0.5293333530426025,,,,450,2023-08-10 20:41:46 GMT,,,450,,,,,LAST,,-
270,bert-base-cased,163.77628374099731,0.5293333530426025,,,,225,2023-08-10 20:36:21 GMT,,,225,,,,,LAST,,-
271,bert-base-cased,69.41340684890747,0.5293333530426025,,,,75,2023-08-10 20:33:18 GMT,,,75,,,,,LAST,,-
272,bert-base-cased,304.6734654903412,0.5293333530426025,,,,450,2023-08-10 20:31:49 GMT,,,450,,,,,LAST,,-
273,bert-base-cased,163.24410343170166,0.5293333530426025,,,,225,2023-08-10 20:26:24 GMT,,,225,,,,,LAST,,-
274,bert-base-cased,69.42444181442261,0.5293333530426025,,,,75,2023-08-10 20:23:21 GMT,,,75,,,,,LAST,,-
275,bert-base-cased,304.5851058959961,0.5293333530426025,,,,450,2023-08-10 20:21:52 GMT,,,450,,,,,LAST,,-
276,bert-base-cased,163.35999631881714,0.5293333530426025,,,,225,2023-08-10 20:16:28 GMT,,,225,,,,,LAST,,-
277,bert-base-cased,69.11856079101562,0.47066667675971985,,,,75,2023-08-10 20:13:12 GMT,,,75,,,,,LAST,,-
278,bert-base-cased,305.54650139808655,0.5293333530426025,,,,450,2023-08-10 20:11:43 GMT,,,450,,,,,LAST,,-
279,bert-base-cased,162.65915870666504,0.5293333530426025,,,,225,2023-08-10 20:06:18 GMT,,,225,,,,,LAST,,-
280,bert-base-cased,69.65706157684326,0.5293333530426025,,,,75,2023-08-10 20:03:16 GMT,,,75,,,,,LAST,,-
281,bert-base-cased,215.7277839183807,0.5293333530426025,,,,450,2023-08-10 20:01:47 GMT,,,450,,,,,LAST,,-
282,bert-base-cased,118.68253803253174,0.5293333530426025,,,,225,2023-08-10 19:57:53 GMT,,,225,,,,,LAST,,-
283,bert-base-cased,54.25298619270325,0.5293333530426025,,,,75,2023-08-10 19:55:34 GMT,,,75,,,,,LAST,,-
284,bert-base-cased,215.59033751487732,0.5293333530426025,,,,450,2023-08-10 19:54:20 GMT,,,450,,,,,LAST,,-
285,bert-base-cased,119.05017590522766,0.5293333530426025,,,,225,2023-08-10 19:50:25 GMT,,,225,,,,,LAST,,-
286,bert-base-cased,54.45801877975464,0.5293333530426025,,,,75,2023-08-10 19:48:07 GMT,,,75,,,,,LAST,,-
287,bert-base-cased,215.31425285339355,0.5293333530426025,,,,450,2023-08-10 19:46:53 GMT,,,450,,,,,LAST,,-
288,bert-base-cased,118.8782045841217,0.5293333530426025,,,,225,2023-08-10 19:42:58 GMT,,,225,,,,,LAST,,-
289,bert-base-cased,54.34067463874817,0.5293333530426025,,,,75,2023-08-10 19:40:41 GMT,,,75,,,,,LAST,,-
290,bert-base-cased,215.6220171451569,0.47066667675971985,,,,450,2023-08-10 19:39:27 GMT,,,450,,,,,LAST,,-
291,bert-base-cased,119.0193808078766,0.5293333530426025,,,,225,2023-08-10 19:35:32 GMT,,,225,,,,,LAST,,-
292,bert-base-cased,54.18520474433899,0.5293333530426025,,,,75,2023-08-10 19:33:14 GMT,,,75,,,,,LAST,,-
293,bert-base-cased,215.83715343475345,0.5293333530426025,,,,450,2023-08-10 19:32:00 GMT,,,450,,,,,LAST,,-
294,bert-base-cased,118.86686706542967,0.5293333530426025,,,,225,2023-08-10 19:28:04 GMT,,,225,,,,,LAST,,-
295,bert-base-cased,54.734833002090454,0.5293333530426025,,,,75,2023-08-10 19:25:45 GMT,,,75,,,,,LAST,,-
296,bert-base-cased,125.29230380058289,0.5293333530426025,,,,450,2023-08-10 19:24:31 GMT,,,450,,,,,LAST,,-
297,bert-base-cased,73.96562099456787,0.5293333530426025,,,,225,2023-08-10 19:22:06 GMT,,,225,,,,,LAST,,-
298,bert-base-cased,39.852197885513306,0.5293333530426025,,,,75,2023-08-10 19:20:34 GMT,,,75,,,,,LAST,,-
299,bert-base-cased,125.57779479026794,0.5293333530426025,,,,450,2023-08-10 19:19:35 GMT,,,450,,,,,LAST,,-
300,bert-base-cased,74.12735939025879,0.5293333530426025,,,,225,2023-08-10 19:17:10 GMT,,,225,,,,,LAST,,-
301,bert-base-cased,40.20835018157959,0.5293333530426025,,,,75,2023-08-10 19:15:37 GMT,,,75,,,,,LAST,,-
302,bert-base-cased,125.14251923561096,0.5293333530426025,,,,450,2023-08-10 19:14:37 GMT,,,450,,,,,LAST,,-
303,bert-base-cased,73.97358989715576,0.5293333530426025,,,,225,2023-08-10 19:12:12 GMT,,,225,,,,,LAST,,-
304,bert-base-cased,39.94889211654663,0.5293333530426025,,,,75,2023-08-10 19:10:40 GMT,,,75,,,,,LAST,,-
305,bert-base-cased,125.12947869300842,0.5293333530426025,,,,450,2023-08-10 19:09:40 GMT,,,450,,,,,LAST,,-
306,bert-base-cased,74.10032391548157,0.47066667675971985,,,,225,2023-08-10 19:07:16 GMT,,,225,,,,,LAST,,-
307,bert-base-cased,39.71375513076782,0.5293333530426025,,,,75,2023-08-10 19:05:43 GMT,,,75,,,,,LAST,,-
308,bert-base-cased,125.6423840522766,0.5293333530426025,,,,450,2023-08-10 19:04:44 GMT,,,450,,,,,LAST,,-
309,bert-base-cased,74.09116220474243,0.5293333530426025,,,,225,2023-08-10 19:02:19 GMT,,,225,,,,,LAST,,-
310,bert-base-cased,40.16663074493408,0.5293333530426025,,,,75,2023-08-10 19:00:46 GMT,,,75,,,,,LAST,,-
311,bert-base-cased,303.1976971626282,0.5293333530426025,,,,450,2023-08-10 18:59:45 GMT,,,450,,,,,SENTENCES,,-
312,bert-base-cased,162.21836161613464,0.5293333530426025,,,,225,2023-08-10 18:54:23 GMT,,,225,,,,,SENTENCES,,-
313,bert-base-cased,69.2082097530365,0.5293333530426025,,,,75,2023-08-10 18:51:21 GMT,,,75,,,,,SENTENCES,,-
314,bert-base-cased,303.3633785247803,0.5293333530426025,,,,450,2023-08-10 18:49:51 GMT,,,450,,,,,SENTENCES,,-
315,bert-base-cased,164.77531814575195,0.5293333530426025,,,,225,2023-08-10 18:44:27 GMT,,,225,,,,,SENTENCES,,-
316,bert-base-cased,69.26238560676575,0.5293333530426025,,,,75,2023-08-10 18:41:22 GMT,,,75,,,,,SENTENCES,,-
317,bert-base-cased,303.1390633583069,0.5293333530426025,,,,450,2023-08-10 18:39:53 GMT,,,450,,,,,SENTENCES,,-
318,bert-base-cased,162.39197325706482,0.5293333530426025,,,,225,2023-08-10 18:34:29 GMT,,,225,,,,,SENTENCES,,-
319,bert-base-cased,68.93310022354126,0.5293333530426025,,,,75,2023-08-10 18:31:27 GMT,,,75,,,,,SENTENCES,,-
320,bert-base-cased,302.41730284690857,0.5293333530426025,,,,450,2023-08-10 18:29:58 GMT,,,450,,,,,SENTENCES,,-
321,bert-base-cased,162.2992217540741,0.5293333530426025,,,,225,2023-08-10 18:24:37 GMT,,,225,,,,,SENTENCES,,-
322,bert-base-cased,68.7342324256897,0.5293333530426025,,,,75,2023-08-10 18:21:34 GMT,,,75,,,,,SENTENCES,,-
323,bert-base-cased,303.2235815525055,0.5293333530426025,,,,450,2023-08-10 18:20:05 GMT,,,450,,,,,SENTENCES,,-
324,bert-base-cased,162.7352385520935,0.5293333530426025,,,,225,2023-08-10 18:14:42 GMT,,,225,,,,,SENTENCES,,-
325,bert-base-cased,69.41073870658875,0.5293333530426025,,,,75,2023-08-10 18:11:39 GMT,,,75,,,,,SENTENCES,,-
326,bert-base-cased,214.1546061038971,0.5293333530426025,,,,450,2023-08-10 18:10:11 GMT,,,450,,,,,SENTENCES,,-
327,bert-base-cased,117.96131253242493,0.5293333530426025,,,,225,2023-08-10 18:06:18 GMT,,,225,,,,,SENTENCES,,-
328,bert-base-cased,54.53465700149536,0.5293333530426025,,,,75,2023-08-10 18:04:00 GMT,,,75,,,,,SENTENCES,,-
329,bert-base-cased,214.20674324035645,0.5293333530426025,,,,450,2023-08-10 18:02:45 GMT,,,450,,,,,SENTENCES,,-
330,bert-base-cased,118.41929650306702,0.5293333530426025,,,,225,2023-08-10 17:58:50 GMT,,,225,,,,,SENTENCES,,-
331,bert-base-cased,54.55442523956299,0.5293333530426025,,,,75,2023-08-10 17:56:32 GMT,,,75,,,,,SENTENCES,,-
332,bert-base-cased,214.50055360794067,0.5293333530426025,,,,450,2023-08-10 17:55:16 GMT,,,450,,,,,SENTENCES,,-
333,bert-base-cased,118.19596099853516,0.5293333530426025,,,,225,2023-08-10 17:51:23 GMT,,,225,,,,,SENTENCES,,-
334,bert-base-cased,54.40466737747192,0.5293333530426025,,,,75,2023-08-10 17:49:05 GMT,,,75,,,,,SENTENCES,,-
335,bert-base-cased,213.98809218406677,0.5293333530426025,,,,450,2023-08-10 17:47:51 GMT,,,450,,,,,SENTENCES,,-
336,bert-base-cased,118.09610772132874,0.5293333530426025,,,,225,2023-08-10 17:43:58 GMT,,,225,,,,,SENTENCES,,-
337,bert-base-cased,54.42960524559021,0.5293333530426025,,,,75,2023-08-10 17:41:41 GMT,,,75,,,,,SENTENCES,,-
338,bert-base-cased,214.7724411487579,0.5293333530426025,,,,450,2023-08-10 17:40:26 GMT,,,450,,,,,SENTENCES,,-
339,bert-base-cased,118.5673680305481,0.5293333530426025,,,,225,2023-08-10 17:36:31 GMT,,,225,,,,,SENTENCES,,-
340,bert-base-cased,54.41227412223816,0.5293333530426025,,,,75,2023-08-10 17:34:12 GMT,,,75,,,,,SENTENCES,,-
341,bert-base-cased,125.5076596736908,0.5293333530426025,,,,450,2023-08-10 17:32:59 GMT,,,450,,,,,SENTENCES,,-
342,bert-base-cased,74.03320813179016,0.5293333530426025,,,,225,2023-08-10 17:30:34 GMT,,,225,,,,,SENTENCES,,-
343,bert-base-cased,40.07333254814148,0.5293333530426025,,,,75,2023-08-10 17:29:00 GMT,,,75,,,,,SENTENCES,,-
344,bert-base-cased,125.51829028129578,0.5293333530426025,,,,450,2023-08-10 17:28:00 GMT,,,450,,,,,SENTENCES,,-
345,bert-base-cased,75.02715373039246,0.5293333530426025,,,,225,2023-08-10 17:25:35 GMT,,,225,,,,,SENTENCES,,-
346,bert-base-cased,40.14715576171875,0.5293333530426025,,,,75,2023-08-10 17:24:01 GMT,,,75,,,,,SENTENCES,,-
347,bert-base-cased,125.60201287269592,0.5293333530426025,,,,450,2023-08-10 17:23:01 GMT,,,450,,,,,SENTENCES,,-
348,bert-base-cased,74.06705665588379,0.5293333530426025,,,,225,2023-08-10 17:20:36 GMT,,,225,,,,,SENTENCES,,-
349,bert-base-cased,39.911725759506226,0.5293333530426025,,,,75,2023-08-10 17:19:03 GMT,,,75,,,,,SENTENCES,,-
350,bert-base-cased,125.26712584495544,0.47066667675971985,,,,450,2023-08-10 17:18:04 GMT,,,450,,,,,SENTENCES,,-
351,bert-base-cased,74.0370581150055,0.5293333530426025,,,,225,2023-08-10 17:15:38 GMT,,,225,,,,,SENTENCES,,-
352,bert-base-cased,40.12244367599487,0.5293333530426025,,,,75,2023-08-10 17:14:04 GMT,,,75,,,,,SENTENCES,,-
353,bert-base-cased,125.60356402397156,0.5293333530426025,,,,450,2023-08-10 17:13:04 GMT,,,450,,,,,SENTENCES,,-
354,bert-base-cased,73.94520545005798,0.5293333530426025,,,,225,2023-08-10 17:10:39 GMT,,,225,,,,,SENTENCES,,-
355,bert-base-cased,39.64598536491394,0.5293333530426025,,,,75,2023-08-10 17:09:06 GMT,,,75,,,,,SENTENCES,,-
356,bert-base-cased,211.77576994895935,0.5293333530426025,,,,300,2023-08-10 14:06:12 GMT,,,300,,,,,MIDDLE,,-
357,bert-base-cased,151.5136694908142,0.5293333530426025,,,,300,2023-08-10 14:02:21 GMT,,,300,,,,,MIDDLE,,-
358,bert-base-cased,91.5265929698944,0.5293333530426025,,,,300,2023-08-10 13:59:30 GMT,,,300,,,,,MIDDLE,,-
359,bert-base-cased,212.63911843299863,0.5293333530426025,,,,300,2023-08-10 13:57:10 GMT,,,300,,,,,AVG,,-
360,bert-base-cased,152.66242742538452,0.5293333530426025,,,,300,2023-08-10 13:53:19 GMT,,,300,,,,,AVG,,-
361,bert-base-cased,91.90361642837524,0.5293333530426025,,,,300,2023-08-10 13:50:26 GMT,,,300,,,,,AVG,,-
362,bert-base-cased,212.62448358535767,0.5293333530426025,,,,300,2023-08-10 13:48:09 GMT,,,300,,,,,LAST,,-
363,bert-base-cased,152.32210111618042,0.5293333530426025,,,,300,2023-08-10 13:44:18 GMT,,,300,,,,,LAST,,-
364,bert-base-cased,92.01985454559326,0.5293333530426025,,,,300,2023-08-10 13:41:25 GMT,,,300,,,,,LAST,,-
365,bert-base-cased,211.06375861167908,0.5293333530426025,,,,300,2023-08-10 13:39:00 GMT,,,300,,,,,SENTENCES,,-
366,bert-base-cased,151.35541081428528,0.5293333530426025,,,,300,2023-08-10 13:35:08 GMT,,,300,,,,,SENTENCES,,-
367,bert-base-cased,92.05284285545348,0.5293333530426025,,,,300,2023-08-10 13:32:17 GMT,,,300,,,,,SENTENCES,,-
368,bert-base-cased,115.55908560752869,0.5293333530426025,,,,150,2023-08-10 13:25:46 GMT,,,150,,,,,SENTENCES,,-
369,bert-base-cased,172.53332996368408,0.5293333530426025,,,,240,2023-08-10 13:22:47 GMT,,,240,,,,,LAST,,-
370,bert-base-cased,31.63632082939148,0.5293333530426025,,,,15,2023-08-10 13:16:46 GMT,,,15,,,,,LAST,,-
371,bert-base-cased,14.467511177062988,0.5099999904632568,,,,15,2023-08-10 13:14:56 GMT,,,15,,,,,LAST,,-
372,bert-base-cased,14.826961994171144,0.5099999904632568,,,,15,2023-08-10 12:57:16 GMT,,,15,,,,,,,-
373,bert-base-cased,227.20888257026672,0.5099999904632568,,,,15,2023-08-10 11:27:27 GMT,,,15,,,,,,,-
374,bert-base-cased,256.6408591270447,0.5099999904632568,,,,15,2023-08-09 15:53:01 GMT,,,15,,,,,SENTENCES,,-
375,bert-base-cased,232.98432850837708,0.5099999904632568,,,,15,2023-08-09 12:34:50 GMT,,,15,,,,,LAST,,-
376,bert-base-cased,13.53174614906311,0.5099999904632568,,,,15,2023-08-08 12:40:52 GMT,,,15,,,,,,,-
377,bert-base-cased,246.474378824234,0.5099999904632568,,,,15,2023-08-08 09:02:23 GMT,,,15,,,,,,,-
378,bert-base-cased,78.62054920196533,,,,,4,2023-08-08 08:31:16 GMT,,,4,,,,,,,-
379,bert-base-cased,104.36317324638368,0.5099999904632568,,,,150,2023-08-01 10:54:10 GMT,,,150,,,,,,,-
380,bert-base-cased,15.204678535461426,0.5099999904632568,,,,15,2023-08-01 10:49:35 GMT,,,15,,,,,,,-
381,bert-base-cased,262.3329954147339,0.5099999904632568,,,,15,2023-07-20 13:27:21 GMT,,,15,,,,,last,,-
382,bert-base-cased,230.8513686656952,0.5099999904632568,,,,15,2023-07-15 08:16:57 GMT,,,15,,,,,last,,-
383,bert-base-cased,1514.2071933746338,0.5339023470878601,,,,900,2023-07-14 21:25:28 GMT,,,900,,,,,,,-
384,bert-base-cased,83.39023184776306,,,,,5,2023-07-13 13:45:03 GMT,,,5,,,,,,,-
385,bert-base-cased,18.169011116027832,,,,,14,2023-06-17 11:48:27 GMT,,,14,,,,,,,-
386,bert-base-cased,18.106547117233276,,,,,14,2023-06-17 11:44:03 GMT,,,14,,,,,,,-
387,bert-base-cased,433.36859035491943,0.6007586717605591,,,,241,2023-06-17 11:35:28 GMT,,,241,,,,,,,-
388,bert-base-cased,428.8337996006012,0.566145122051239,,,,239,2023-06-17 11:25:12 GMT,,,239,,,,,,,-
389,bert-base-cased,454.77307176589966,0.5737316012382507,,,,255,2023-06-17 11:11:47 GMT,,,255,,,,,,,-
390,bert-base-cased,695.613650560379,0.5339023470878601,,,,450,2023-06-16 19:44:21 GMT,,,450,,,,,,,-
391,bert-base-cased,951.4527871608734,0.682788074016571,,,,900,2023-06-16 19:17:55 GMT,,,900,,,,,,,-
392,bert-base-cased,950.4762217998504,0.6495969891548157,,,,900,2023-06-16 18:59:49 GMT,,,900,,,,,,,-
393,bert-base-cased,511.16926097869873,0.6287339925765991,,,,450,2023-06-16 18:40:47 GMT,,,450,,,,,,,-
394,bert-base-cased,331.2282521724701,0.4660976827144623,,,,282,2023-06-16 18:02:20 GMT,,,282,,,,,,,-
395,bert-base-cased,775.1512789726257,0.7117117047309875,,,,450,2023-06-16 17:22:03 GMT,,,450,,,,,,,-
396,bert-base-cased,475.6030638217926,0.6818397641181946,,,,450,2023-06-16 17:06:48 GMT,,,450,,,,,,,-
397,bert-base-cased,480.886533498764,0.6766240000724792,,,,450,2023-06-16 16:50:02 GMT,,,450,,,,,,,-
398,bert-base-cased,236.53536009788513,0.6287339925765991,,,,192,2023-06-16 16:41:22 GMT,,,192,,,,,,,-
399,bert-base-cased,477.48506784439087,0.6201991438865662,,,,450,2023-06-16 16:13:40 GMT,,,450,,,,,,,-
400,,343.1767644882202,0.6448553800582886,,,,300,2023-06-16 15:58:23 GMT,,,300,,,,,,,-
401,,195.48493266105652,0.5339023470878601,,,,146,2023-06-16 15:51:30 GMT,,,146,,,,,,,-
402,,387.09101724624634,0.5339023470878601,,,,225,2023-06-13 17:48:18 GMT,,,225,,,,,,,-
403,,178.21907448768616,0.5339023470878601,,,,75,2023-06-13 17:37:45 GMT,,,75,,,,,,,-
404,,70.227463722229,0.6000000238418579,,,,400,2023-06-13 17:08:30 GMT,,,400,,,,,,,-
405,,71.47599053382874,0.5099999904632568,,,,400,2023-06-13 17:04:58 GMT,,,400,,,,,,,-
406,,79.47051787376404,0.5199999809265137,,,,200,2023-06-13 16:59:04 GMT,,,200,,,,,,,-
407,,47.96842002868652,0.5400000214576721,,,,100,2023-06-13 16:57:37 GMT,,,100,,,,,,,-
408,,10.684736967086792,,,,,2,2023-06-13 16:41:39 GMT,,,2,,,,,,,-
409,bert-base-cased,49.93614077568054,,,,,9,2023-06-11 16:44:53 GMT,,,9,,,,,,,-
